CREATE DATABASE Logic_Development 

-- Create the EMP table
CREATE TABLE EMP (
    EID INT PRIMARY KEY,
    EName VARCHAR(50),
    Department VARCHAR(50),
    Salary INT,
    JoiningDate DATE,
    City VARCHAR(50),
    Gender VARCHAR(10)
);

-- Insert data into the EMP table
INSERT INTO EMP (EID, EName, Department, Salary, JoiningDate, City, Gender)
VALUES
(101, 'Rahul', 'Admin', 56000, '1990-01-01', 'Rajkot', 'Male'),
(102, 'Hardik', 'IT', 18000, '1990-09-25', 'Ahmedabad', 'Male'),
(103, 'Bhavin', 'HR', 25000, '1991-05-14', 'Baroda', 'Male'),
(104, 'Bhoomi', 'Admin', 39000, '1991-02-08', 'Rajkot', 'Female'),
(105, 'Rohit', 'IT', 17000, '1990-07-23', 'Jamnagar', 'Male'),
(106, 'Priya', 'IT', 9000, '1990-10-18', 'Ahmedabad', 'Female'),
(107, 'Bhoomi', 'HR', 34000, '1991-12-25', 'Rajkot', 'Female'),
(108, 'Manish', 'IT', 22000, '1990-04-20', 'Baroda', 'Male'),
(109, 'Kavita', 'Admin', 35000, '1992-03-12', 'Ahmedabad', 'Female'),
(110, 'Suresh', 'HR', 28000, '1991-11-05', 'Jamnagar', 'Male'),
(111, 'Pooja', 'IT', 19000, '1991-01-30', 'Rajkot', 'Female'),
(112, 'Amit', 'Admin', 42000, '1990-08-19', 'Baroda', 'Male'),
(113, 'Rekha', 'HR', 31000, '1992-07-02', 'Ahmedabad', 'Female'),
(114, 'Vijay', 'IT', 20000, '1990-06-11', 'Rajkot', 'Male'),
(115, 'Meera', 'Admin', 38000, '1991-10-09', 'Jamnagar', 'Female');

-- Create the SALES_DATA table
CREATE TABLE SALES_DATA (
    Region VARCHAR(50),
    Product VARCHAR(50),
    Sales_Amount INT,
    Year INT
);

-- Insert data into the SALES_DATA table
INSERT INTO SALES_DATA (Region, Product, Sales_Amount, Year)
VALUES
('North America', 'Watch', 1500, 2023),
('Europe', 'Mobile', 1200, 2023),
('Asia', 'Watch', 1800, 2023),
('North America', 'TV', 900, 2024),
('Europe', 'Watch', 2000, 2024),
('Asia', 'Mobile', 1000, 2024),
('North America', 'Mobile', 1600, 2023),
('Europe', 'TV', 1500, 2023),
('Asia', 'TV', 1100, 2024),
('North America', 'Watch', 1700, 2024),
('Asia', 'Watch', 2200, 2024),
('Europe', 'Mobile', 1400, 2024),
('North America', 'TV', 1300, 2023),
('Asia', 'TV', 1000, 2023),
('Europe', 'Watch', 1800, 2023),
('North America', 'Mobile', 1100, 2024),
('Asia', 'Laptop', 3000, 2023),
('Europe', 'Laptop', 3500, 2024),
('North America', 'Laptop', 2800, 2024),
('Asia', 'Mobile', 1300, 2023);


-- Create the DEPT table first, as PERSON depends on it
CREATE TABLE DEPT (
    DepartmentID INT PRIMARY KEY,
    DepartmentName VARCHAR(100) NOT NULL UNIQUE,
    DepartmentCode VARCHAR(50) NOT NULL UNIQUE,
    Location VARCHAR(50) NOT NULL
);

-- Create the PERSON table with a Foreign Key
CREATE TABLE PERSON (
    PersonID INT PRIMARY KEY,
    PersonName VARCHAR(100) NOT NULL,
    DepartmentID INT,
    Salary DECIMAL(8, 2) NOT NULL,
    JoiningDate DATE NOT NULL,
    City VARCHAR(100) NOT NULL,
    FOREIGN KEY (DepartmentID) REFERENCES DEPT(DepartmentID)
);

-- Insert data into the DEPT table
INSERT INTO DEPT (DepartmentID, DepartmentName, DepartmentCode, Location)
VALUES
(1, 'Admin', 'Adm', 'A-Block'),
(2, 'Computer', 'CE', 'C-Block'),
(3, 'Civil', 'CI', 'G-Block'),
(4, 'Electrical', 'EE', 'E-Block'),
(5, 'Mechanical', 'ME', 'B-Block'),
(6, 'Marketing', 'Mkt', 'F-Block'),
(7, 'Accounts', 'Acc', 'A-Block');

-- Insert data into the PERSON table
INSERT INTO PERSON (PersonID, PersonName, DepartmentID, Salary, JoiningDate, City)
VALUES
(101, 'Rahul Tripathi', 2, 56000.00, '2000-01-01', 'Rajkot'),
(102, 'Hardik Pandya', 3, 18000.00, '2001-09-25', 'Ahmedabad'),
(103, 'Bhavin Kanani', 4, 25000.00, '2000-05-14', 'Baroda'),
(104, 'Bhoomi Vaishnav', 1, 39000.00, '2005-02-08', 'Rajkot'),
(105, 'Rohit Topiya', 2, 17000.00, '2001-07-23', 'Jamnagar'),
(106, 'Priya Menpara', NULL, 9000.00, '2000-10-18', 'Ahmedabad'),
(107, 'Neha Sharma', 2, 34000.00, '2002-12-25', 'Rajkot'),
(108, 'Nayan Goswami', 3, 25000.00, '2001-07-01', 'Rajkot'),
(109, 'Mehul Bhundiya', 4, 13500.00, '2005-01-09', 'Baroda'),
(110, 'Mohit Maru', 5, 14000.00, '2000-05-25', 'Jamnagar'),
(111, 'Alok Nath', 2, 36000.00, '2003-03-15', 'Ahmedabad'),
(112, 'Seema Jain', 3, 28000.00, '2002-06-18', 'Baroda'),
(113, 'Karan Singh', 1, 41000.00, '2004-11-30', 'Rajkot'),
(114, 'Riya Gupta', 5, 16000.00, '2001-02-12', 'Ahmedabad'),
(115, 'Suresh Patel', 7, 32000.00, '2003-08-20', 'Jamnagar'),
(116, 'Meena Kumari', 7, 30000.00, '2004-01-01', 'Rajkot'),
(117, 'Vikram Batra', NULL, 11000.00, '2005-04-05', 'Baroda');

-- Create Author table
CREATE TABLE Author (
    AuthorID INT PRIMARY KEY,
    AuthorName VARCHAR(100) NOT NULL,
    Country VARCHAR(50) NULL
);

-- Create Publisher table
CREATE TABLE Publisher (
    PublisherID INT PRIMARY KEY,
    PublisherName VARCHAR(100) NOT NULL UNIQUE,
    City VARCHAR(50) NOT NULL
);

-- Create Book table with Foreign Keys
CREATE TABLE Book (
    BookID INT PRIMARY KEY,
    Title VARCHAR(200) NOT NULL,
    AuthorID INT NOT NULL,
    PublisherID INT NOT NULL,
    Price DECIMAL(8, 2) NOT NULL,
    PublicationYear INT NOT NULL,
    FOREIGN KEY (AuthorID) REFERENCES Author(AuthorID),
    FOREIGN KEY (PublisherID) REFERENCES Publisher(PublisherID)
);

-- Insert into Author
INSERT INTO Author (AuthorID, AuthorName, Country)
VALUES
(1, 'Chetan Bhagat', 'India'),
(2, 'Arundhati Roy', 'India'),
(3, 'Amish Tripathi', 'India'),
(4, 'Ruskin Bond', 'India'),
(5, 'Jhumpa Lahiri', 'India'),
(6, 'Paulo Coelho', 'Brazil'),
(7, 'Sudha Murty', 'India'),
(8, 'Vikram Seth', 'India'),
(9, 'Kiran Desai', 'India'); -- Author with no books

-- Insert into Publisher
INSERT INTO Publisher (PublisherID, PublisherName, City)
VALUES
(1, 'Rupa Publications', 'New Delhi'),
(2, 'Penguin India', 'Gurugram'),
(3, 'HarperCollins India', 'Noida'),
(4, 'Aleph Book Company', 'New Delhi'),
(5, 'Westland', 'Chennai');

-- Insert into Book
INSERT INTO Book (BookID, Title, AuthorID, PublisherID, Price, PublicationYear)
VALUES
(101, 'Five Point Someone', 1, 1, 250.00, 2004),
(102, 'The God of Small Things', 2, 2, 350.00, 1997),
(103, 'Immortals of Meluha', 3, 3, 300.00, 2010),
(104, 'The Blue Umbrella', 4, 1, 180.00, 1980),
(105, 'The Lowland', 5, 2, 400.00, 2013),
(106, 'Revolution 2020', 1, 1, 275.00, 2011),
(107, 'Sita: Warrior of Mithila', 3, 3, 320.00, 2017),
(108, 'The Room on the Roof', 4, 4, 200.00, 1956),
(109, 'A Suitable Boy', 8, 2, 600.00, 1993),
(110, 'Scion of Ikshvaku', 3, 5, 350.00, 2015),
(111, 'Wise and Otherwise', 7, 2, 210.00, 2002),
(112, '2 States', 1, 1, 260.00, 2009);

CREATE TABLE Members (
MemberID INT PRIMARY KEY IDENTITY(1,1), -- PRIMARY KEY with auto-increment [cite: 4]
FullName VARCHAR(100),
Email VARCHAR(100) UNIQUE, -- UNIQUE constraint [cite: 6]
JoinDate DATE,
MembershipType VARCHAR(20)
);
-- Table: Books
CREATE TABLE Books (
BookID INT PRIMARY KEY IDENTITY(1,1), -- PRIMARY KEY with auto-increment [cite: 12]
Title VARCHAR(150),
Author VARCHAR(100),
Genre VARCHAR(50),
PublishedYear INT,
TotalCopies INT,
AvailableCopies INT
)
-- Table: BorrowRecords
CREATE TABLE BorrowRecords (
BorrowID INT PRIMARY KEY IDENTITY(1,1), -- PRIMARY KEY with auto-increment [cite: 22]
MemberID INT FOREIGN KEY REFERENCES Members(MemberID), -- FOREIGN KEY to Members[cite: 23]
BookID INT FOREIGN KEY REFERENCES Books(BookID), -- FOREIGN KEY to Books [cite: 24]
BorrowDate DATE,
ReturnDate DATE -- NULL if not yet returned [cite: 26]
);

-- Table: Fines

CREATE TABLE Fines (
FineID INT PRIMARY KEY IDENTITY(1,1), -- PRIMARY KEY with auto-increment [cite: 30]
BorrowID INT FOREIGN KEY REFERENCES BorrowRecords(BorrowID), -- FOREIGN KEY toBorrowRecords [cite: 31],
FineAmount DECIMAL(10,2),
PaidStatus VARCHAR(20) -- e.g., 'Unpaid', 'Paid'
);

INSERT INTO Members (FullName, Email, JoinDate, MembershipType) VALUES
('Alice Johnson', 'alice.j@example.com', '2024-01-15', 'Standard'), -- Joined 2024 (for Q36)
('Bob Smith', 'bob.s@example.com', '2023-11-20', 'Premium'),
('Charlie Brown', 'charlie.b@example.com', '2024-02-28', 'Standard'), -- Joined 2024 (for Q36)
('Diana Prince', 'diana.p@example.com', '2023-05-10', 'Standard'),
('Eve Adams', 'eve.a@example.com', '2024-10-01', 'Premium');

-- Insert data into Books
INSERT INTO Books (Title, Author, Genre, PublishedYear, TotalCopies, AvailableCopies) VALUES
('The Secret Garden', 'J.K. Rowling', 'Fantasy', 2001, 5, 2), -- Author for Q37, Available > 0
('A Brief History of Time', 'Stephen Hawking', 'Science', 1988, 3, 3), -- Available > 0
('1984', 'George Orwell', 'Dystopian', 1949, 1, 0), -- Zero available copies (for Q38)
('Fantastic Beasts', 'J.K. Rowling', 'Fantasy', 2016, 4, 4), -- Another book by same author (for Q37)
('The Great Gatsby', 'F. Scott Fitzgerald', 'Classic', 1925, 2, 2),
('Unborrowed Title', 'Unknown Author', 'Mystery', 2020, 1, 1); -- Never borrowed (for Q50)

-- Insert data into BorrowRecords
-- Note: MemberID and BookID are automatically assigned based on insertion order.
INSERT INTO BorrowRecords (MemberID, BookID, BorrowDate, ReturnDate) VALUES
(1, 1, '2024-10-15', '2024-10-25'), -- Alice borrowed The Secret Garden (Returned)
(2, 3, '2024-11-01', NULL), -- Bob borrowed 1984 (Not returned yet - for Q39)
(1, 2, '2024-11-10', '2024-11-15'), -- Alice borrowed A Brief History (Returned)
(3, 1, '2024-11-17', NULL), -- Charlie borrowed The Secret Garden (Not returned yet, recent - forQ48)
(4, 5, '2024-09-01', '2024-09-15'), -- Diana borrowed Gatsby
(1, 4, '2024-11-18', NULL); -- Alice borrowed Fantastic Beasts (More than one book borrowed -for Q49, Recent - for Q46)

-- Insert data into Fines
-- Fine for Bob's overdue book (BorrowID 2)
INSERT INTO Fines (BorrowID, FineAmount, PaidStatus) VALUES
(2, 5.50, 'Unpaid'), -- Unpaid fine (for Q44)
(1, 2.00, 'Paid'),
(3, 1.00, 'Unpaid'); -- Another unpaid fine (for Q44)